Especialidad,Semana_Iso,Oferta_disponible,Citas_Asignadas_Hoy,Citas_Proy_Final,Cupos_Vendidos_Pred,Confianza_%
Categoria_01,9,10,10,10,9.0,97.6
Categoria_01,10,10,10,10,9.0,96.6
Categoria_01,11,10,10,10,9.0,94.8
Categoria_01,12,10,10,10,9.0,94.7
Categoria_01,13,10,10,10,9.0,94.6
Categoria_02,9,15,15,15,15.0,98.6
Categoria_02,10,15,15,15,16.0,95.2
Categoria_02,11,15,14,14,14.0,97.2
Categoria_02,12,15,6,11,11.0,84.2
Categoria_02,13,15,2,9,9.0,86.5
Categoria_03,9,16,0,0,0.0,62.7
Categoria_03,10,16,0,3,2.0,82.9
Categoria_03,11,16,1,4,3.0,83.8
Categoria_03,12,16,0,3,3.0,79.1
Categoria_03,13,16,0,3,3.0,89.8
Categoria_03,14,11,0,2,2.0,89.6
Categoria_04,9,50,0,3,3.0,75.8
Categoria_04,10,50,0,8,8.0,87.3
Categoria_04,11,50,0,12,12.0,89.4
Categoria_04,12,50,0,12,12.0,89.6
Categoria_04,13,50,0,12,12.0,88.4
Categoria_04,14,30,0,8,8.0,86.1
Categoria_05,9,64,64,64,61.0,51.2
Categoria_05,10,85,72,74,69.0,90.7
Categoria_05,11,85,20,45,42.0,89.2
Categoria_05,12,85,3,39,36.0,89.6
Categoria_05,13,85,3,39,36.0,89.6
Categoria_05,14,37,0,17,15.0,95.7
Categoria_06,9,35,35,35,30.0,64.0
Categoria_06,10,67,67,67,62.0,94.5
Categoria_06,11,67,60,60,55.0,93.0
Categoria_06,12,67,44,51,46.0,94.3
Categoria_06,13,67,13,41,36.0,95.3
Categoria_06,14,20,2,12,10.0,94.6
Categoria_07,9,18,18,18,16.0,30.7
Categoria_07,10,38,18,21,16.0,57.2
Categoria_07,11,54,4,21,18.0,79.0
Categoria_07,12,50,4,20,19.0,81.7
Categoria_07,13,54,0,20,18.0,77.9
Categoria_07,14,23,0,9,9.0,91.6
Categoria_08,9,235,234,234,251.0,82.0
Categoria_08,10,300,299,298,319.0,92.6
Categoria_08,11,310,200,271,296.0,82.3
Categoria_08,12,332,111,267,289.0,69.6
Categoria_08,13,332,81,262,280.0,68.0
Categoria_08,14,155,15,118,130.0,76.0
Categoria_09,9,606,421,438,425.0,86.7
Categoria_09,10,469,223,310,336.0,90.4
Categoria_09,11,878,260,542,538.0,92.5
Categoria_09,12,870,148,514,513.0,91.2
Categoria_09,13,870,95,505,515.0,92.2
Categoria_09,14,325,10,183,193.0,95.9
Categoria_10,9,20,16,16,17.0,70.6
Categoria_10,10,24,11,15,16.0,94.6
Categoria_10,11,24,5,12,13.0,86.6
Categoria_10,12,24,2,9,9.0,88.1
Categoria_10,13,24,0,9,9.0,87.8
Categoria_10,14,12,0,5,5.0,79.2
Categoria_11,9,40,40,40,49.0,94.5
Categoria_11,10,54,52,52,56.0,79.0
Categoria_11,11,54,26,40,41.0,77.8
Categoria_11,12,54,18,38,38.0,71.3
Categoria_11,13,54,14,36,36.0,67.6
Categoria_11,14,14,2,9,9.0,83.9
Categoria_12,9,397,173,209,216.0,64.2
Categoria_12,10,588,195,341,338.0,90.4
Categoria_12,11,705,108,386,382.0,89.2
Categoria_12,12,705,11,365,365.0,88.1
Categoria_12,13,705,7,365,367.0,87.7
Categoria_12,14,294,1,152,153.0,90.4
Categoria_14,9,165,153,155,159.0,80.3
Categoria_14,10,172,160,162,162.0,75.2
Categoria_14,11,188,177,180,178.0,78.1
Categoria_14,12,188,176,180,178.0,78.8
Categoria_14,13,162,150,154,154.0,69.8
Categoria_14,14,88,80,84,84.0,66.5
Categoria_15,9,0,0,0,0.0,0.0
Categoria_15,10,28,13,16,14.0,64.0
Categoria_15,11,40,3,18,16.0,90.3
Categoria_15,12,40,0,17,15.0,91.5
Categoria_15,13,40,0,17,15.0,91.4
Categoria_15,14,12,0,5,4.0,92.3
Categoria_16,9,34,10,12,11.0,63.1
Categoria_16,10,40,5,14,14.0,93.8
Categoria_16,11,40,1,15,14.0,93.5
Categoria_16,12,40,0,15,14.0,92.9
Categoria_16,13,40,0,15,14.0,93.2
Categoria_16,14,26,0,10,9.0,91.8
Categoria_17,9,25,13,14,12.0,61.7
Categoria_17,10,33,8,13,13.0,90.3
Categoria_17,11,33,1,13,13.0,78.1
Categoria_17,12,33,1,13,13.0,78.4
Categoria_17,13,33,1,13,13.0,78.3
Categoria_17,14,13,0,5,5.0,90.9
Categoria_18,9,8,0,0,0.0,97.4
Categoria_18,10,8,0,0,0.0,80.4
Categoria_18,11,8,0,0,0.0,80.5
Categoria_18,12,8,0,0,0.0,80.5
Categoria_18,13,8,0,0,0.0,80.2
Categoria_19,9,4,0,0,0.0,97.1
Categoria_19,10,4,0,0,0.0,90.5
Categoria_19,11,4,0,1,1.0,74.2
Categoria_19,12,4,0,1,1.0,74.2
Categoria_19,13,4,0,1,1.0,74.4
Categoria_20,9,232,232,232,219.0,83.6
Categoria_20,10,144,144,144,137.0,59.1
Categoria_20,11,144,144,144,137.0,58.9
Categoria_20,12,128,128,128,116.0,56.9
Categoria_20,13,128,55,95,86.0,57.1
Categoria_20,14,90,4,56,46.0,87.3
Categoria_21,9,0,0,0,0.0,0.0
Categoria_21,10,72,72,72,65.0,87.4
Categoria_21,11,72,72,72,67.0,87.2
Categoria_21,12,72,72,72,67.0,87.2
Categoria_21,13,72,72,72,65.0,86.7
Categoria_21,14,33,33,33,30.0,87.6
Categoria_22,9,7,7,7,6.0,23.7
Categoria_22,10,19,19,19,16.0,71.0
Categoria_22,11,29,29,29,25.0,94.2
Categoria_22,12,29,29,29,25.0,94.0
Categoria_22,13,28,28,28,25.0,91.0
Categoria_22,14,10,10,10,9.0,89.4
Categoria_23,9,0,0,0,0.0,0.0
Categoria_23,10,0,0,0,0.0,0.0
Categoria_23,11,96,8,17,14.0,65.3
Categoria_23,12,128,12,21,17.0,83.3
Categoria_23,13,128,4,17,14.0,80.8
Categoria_23,14,64,0,8,6.0,93.6
Categoria_24,9,86,52,54,46.0,57.0
Categoria_24,10,130,53,67,55.0,90.5
Categoria_24,11,172,58,85,71.0,93.8
Categoria_24,12,172,30,80,64.0,93.4
Categoria_24,13,172,16,78,61.0,94.0
Categoria_24,14,59,2,25,20.0,93.8
Categoria_25,9,128,128,128,115.0,80.6
Categoria_25,10,158,158,158,148.0,93.6
Categoria_25,11,158,158,158,148.0,93.1
Categoria_25,12,158,157,157,148.0,93.2
Categoria_25,13,146,145,145,136.0,92.7
Categoria_25,14,91,91,91,88.0,96.4
Categoria_26,9,1277,813,924,886.0,87.3
Categoria_26,10,1465,507,1100,995.0,91.8
Categoria_26,11,1522,267,1092,980.0,92.0
Categoria_26,12,1592,226,1132,1012.0,94.5
Categoria_26,13,1614,217,1144,1024.0,93.5
Categoria_26,14,678,32,470,432.0,92.8
Categoria_27,9,12,6,7,7.0,90.6
Categoria_27,10,12,0,4,4.0,87.9
Categoria_27,11,12,1,5,5.0,89.1
Categoria_27,12,12,0,4,4.0,88.0
Categoria_27,13,12,0,4,4.0,87.2
Categoria_27,14,6,0,2,2.0,88.6
Categoria_28,9,54,26,29,29.0,40.7
Categoria_28,10,99,57,70,66.0,92.9
Categoria_28,11,99,39,66,62.0,87.3
Categoria_28,12,99,10,54,55.0,86.4
Categoria_28,13,99,5,53,54.0,84.7
Categoria_28,14,15,0,8,8.0,85.5
Categoria_29,9,6,6,6,6.0,45.8
Categoria_29,10,12,11,11,10.0,95.4
Categoria_29,11,12,6,8,7.0,91.4
Categoria_29,12,6,0,3,3.0,42.8
Categoria_29,13,12,1,6,5.0,88.6
Categoria_30,9,6,2,2,2.0,82.1
Categoria_30,10,6,3,3,2.0,90.1
Categoria_30,11,6,1,2,2.0,83.9
Categoria_30,12,6,0,2,2.0,83.0
Categoria_30,13,6,0,2,2.0,83.0
Categoria_31,9,5,5,5,4.0,62.1
Categoria_31,10,5,3,4,4.0,93.7
Categoria_31,11,5,1,4,4.0,96.9
Categoria_31,12,5,2,4,4.0,97.6
Categoria_31,13,5,0,4,4.0,97.1
Categoria_31,14,5,0,4,4.0,97.1
Categoria_32,9,6,3,3,2.0,48.4
Categoria_32,10,11,6,7,7.0,94.5
Categoria_32,11,11,2,5,5.0,93.6
Categoria_32,12,11,0,4,4.0,93.8
Categoria_32,13,11,0,4,4.0,93.4
Categoria_33,9,31,0,1,1.0,83.5
Categoria_33,10,31,0,3,3.0,84.4
Categoria_33,11,31,0,3,3.0,85.1
Categoria_33,12,31,0,3,3.0,84.6
Categoria_33,13,31,0,3,3.0,84.5
Categoria_33,14,2,0,0,0.0,88.6
Categoria_34,9,296,36,81,103.0,64.9
Categoria_34,10,384,9,147,129.0,87.3
Categoria_34,11,355,2,198,169.0,84.2
Categoria_34,12,384,2,212,176.0,88.3
Categoria_34,13,384,1,213,177.0,88.6
Categoria_34,14,131,0,72,63.0,91.1
Categoria_35,9,1568,215,1357,1196.0,94.1
Categoria_35,10,1801,38,1541,1340.0,95.6
Categoria_35,11,2019,26,1722,1500.0,94.7
Categoria_35,12,2021,6,1723,1502.0,94.7
Categoria_35,13,2015,5,1718,1497.0,95.1
Categoria_35,14,726,0,618,543.0,94.0
Categoria_36,9,169,70,87,90.0,44.5
Categoria_36,10,205,32,101,101.0,85.3
Categoria_36,11,276,12,170,150.0,84.7
Categoria_36,12,276,4,168,151.0,83.8
Categoria_36,13,276,1,168,148.0,84.6
Categoria_36,14,88,0,53,44.0,92.4
Categoria_37,9,70,70,70,65.0,72.6
Categoria_37,10,100,100,100,94.0,94.9
Categoria_37,11,100,94,96,91.0,94.9
Categoria_37,12,100,40,74,67.0,92.9
Categoria_37,13,100,12,65,57.0,91.8
Categoria_37,14,36,4,23,20.0,89.6
Categoria_38,9,0,0,0,0.0,0.0
Categoria_38,10,33,33,33,32.0,93.3
Categoria_38,11,33,31,31,30.0,93.1
Categoria_38,12,33,5,18,15.0,89.0
Categoria_38,13,33,3,18,15.0,88.8
Categoria_38,14,9,1,5,4.0,90.4
Categoria_39,9,11,6,6,5.0,93.8
Categoria_39,10,11,1,3,3.0,98.2
Categoria_39,11,11,3,5,4.0,91.5
Categoria_39,12,11,0,4,4.0,93.1
Categoria_39,13,11,0,4,4.0,92.7
Categoria_40,9,135,79,83,76.0,85.9
Categoria_40,10,147,21,55,49.0,77.2
Categoria_40,11,156,10,73,65.0,84.2
Categoria_40,12,154,6,72,61.0,73.9
Categoria_40,13,162,2,74,63.0,83.7
Categoria_40,14,76,1,35,29.0,84.2
Categoria_41,9,443,442,442,416.0,96.1
Categoria_41,10,569,359,504,469.0,95.0
Categoria_41,11,569,102,452,415.0,92.9
Categoria_41,12,569,71,445,408.0,92.2
Categoria_41,13,569,58,443,408.0,92.0
Categoria_41,14,192,23,150,142.0,92.0
Categoria_42,9,188,188,188,176.0,93.8
Categoria_42,10,161,161,161,152.0,96.6
Categoria_42,11,151,151,151,142.0,96.6
Categoria_42,12,151,151,151,142.0,96.3
Categoria_42,13,139,139,139,134.0,82.4
Categoria_42,14,59,56,56,54.0,94.8
Categoria_43,9,31,31,31,38.0,87.1
Categoria_43,10,53,34,39,55.0,78.2
Categoria_43,11,53,9,35,53.0,85.3
Categoria_43,12,53,3,34,50.0,82.4
Categoria_43,13,53,0,33,48.0,81.1
Categoria_43,14,22,0,14,21.0,81.4
Categoria_44,9,288,283,283,257.0,94.4
Categoria_44,10,361,248,310,286.0,95.5
Categoria_44,11,334,125,265,247.0,96.3
Categoria_44,12,349,72,264,236.0,95.6
Categoria_44,13,372,56,276,251.0,94.8
Categoria_44,14,119,7,87,80.0,95.8
Categoria_45,9,84,84,84,69.0,69.8
Categoria_45,10,94,61,73,63.0,87.9
Categoria_45,11,73,19,46,40.0,85.5
Categoria_45,12,88,13,53,42.0,74.8
Categoria_45,13,90,1,51,42.0,87.7
Categoria_45,14,36,0,20,16.0,89.6
Categoria_46,9,0,0,0,0.0,0.0
Categoria_46,10,30,30,30,25.0,90.8
Categoria_46,11,30,30,30,25.0,88.4
Categoria_46,12,30,24,26,21.0,91.8
Categoria_46,13,30,4,18,16.0,82.6
Categoria_46,14,15,0,8,7.0,88.0
Categoria_47,9,60,60,60,57.0,68.8
Categoria_47,10,93,30,51,43.0,90.8
Categoria_47,11,93,9,51,44.0,85.8
Categoria_47,12,93,2,51,44.0,85.6
Categoria_47,13,93,1,49,43.0,87.9
Categoria_47,14,47,0,25,22.0,88.2
Categoria_48,9,342,342,342,324.0,92.9
Categoria_48,10,341,341,341,326.0,94.5
Categoria_48,11,341,341,341,328.0,94.9
Categoria_48,12,326,307,310,301.0,94.9
Categoria_48,13,341,247,288,280.0,90.2
Categoria_48,14,142,88,116,115.0,90.4
Categoria_49,9,468,468,468,440.0,86.1
Categoria_49,10,580,282,479,459.0,95.1
Categoria_49,11,563,123,435,411.0,93.6
Categoria_49,12,550,52,412,393.0,92.4
Categoria_49,13,550,26,405,386.0,91.1
Categoria_49,14,229,7,168,153.0,92.8
Categoria_50,9,28,17,21,15.0,30.6
Categoria_50,10,12,1,9,5.0,11.9
Categoria_50,11,12,0,8,3.0,0.0
Categoria_50,12,12,0,8,3.0,0.0
Categoria_50,13,12,0,8,3.0,0.0
Categoria_50,14,6,0,4,2.0,0.0
Categoria_51,9,316,316,316,304.0,92.9
Categoria_51,10,242,203,212,217.0,80.4
Categoria_51,11,321,45,203,203.0,85.6
Categoria_51,12,329,22,202,201.0,84.1
Categoria_51,13,350,9,210,204.0,84.1
Categoria_51,14,112,0,67,67.0,77.8
Categoria_52,9,1078,234,533,608.0,80.6
Categoria_52,10,1164,107,874,764.0,93.3
Categoria_52,11,1166,50,863,750.0,92.8
Categoria_52,12,1142,23,841,730.0,92.7
Categoria_52,13,1154,15,849,735.0,92.2
Categoria_52,14,444,0,325,293.0,90.8
Categoria_53,9,153,152,152,153.0,91.4
Categoria_53,10,229,216,218,219.0,91.5
Categoria_53,11,229,151,194,201.0,91.2
Categoria_53,12,229,91,181,189.0,87.1
Categoria_53,13,229,39,171,175.0,87.1
Categoria_53,14,76,4,54,53.0,95.5
Categoria_54,9,114,104,104,85.0,78.1
Categoria_54,10,115,52,70,59.0,79.7
Categoria_54,11,115,23,69,60.0,82.2
Categoria_54,12,136,35,86,73.0,90.3
Categoria_54,13,136,19,79,69.0,91.0
Categoria_54,14,58,3,32,28.0,91.4
Categoria_55,9,0,0,0,0.0,0.0
Categoria_55,10,9,8,8,6.0,92.2
Categoria_55,11,9,1,3,2.0,54.1
Categoria_55,12,9,0,3,2.0,53.6
Categoria_55,13,9,0,3,2.0,53.1
Categoria_56,9,0,0,0,0.0,0.0
Categoria_56,10,43,43,43,39.0,45.9
Categoria_56,11,93,93,93,80.0,88.7
Categoria_56,12,93,86,88,73.0,89.5
Categoria_56,13,93,21,61,52.0,91.8
Categoria_56,14,37,3,22,19.0,94.5
Categoria_57,9,24,24,24,17.0,93.1
Categoria_57,10,12,2,9,7.0,90.8
Categoria_57,11,12,0,8,7.0,88.9
Categoria_57,12,12,0,8,6.0,88.8
Categoria_57,13,12,0,8,6.0,87.6
Categoria_57,14,6,0,4,3.0,95.4
Categoria_58,9,115,115,115,116.0,94.1
Categoria_58,10,100,100,100,99.0,75.2
Categoria_58,11,91,91,91,91.0,89.2
Categoria_58,12,71,46,62,63.0,87.4
Categoria_58,13,101,64,88,85.0,91.9
Categoria_58,14,33,24,30,31.0,90.6
Categoria_59,9,217,77,90,72.0,89.3
Categoria_59,10,217,46,96,74.0,92.9
Categoria_59,11,217,42,96,75.0,92.3
Categoria_59,12,217,24,91,73.0,93.8
Categoria_59,13,217,14,91,73.0,93.9
Categoria_59,14,86,7,36,29.0,95.3
Categoria_60,9,165,68,79,76.0,56.3
Categoria_60,10,335,42,129,113.0,66.2
Categoria_60,11,343,4,164,145.0,78.8
Categoria_60,12,343,4,163,144.0,79.6
Categoria_60,13,343,0,162,141.0,79.0
Categoria_60,14,178,0,85,74.0,91.7
Categoria_61,9,260,163,176,177.0,57.1
Categoria_61,10,396,81,187,193.0,62.0
Categoria_61,11,408,37,233,223.0,81.7
Categoria_61,12,374,7,206,202.0,91.6
Categoria_61,13,426,6,235,228.0,93.1
Categoria_61,14,223,0,121,117.0,91.4
Categoria_62,9,184,132,139,122.0,71.1
Categoria_62,10,236,27,99,80.0,80.5
Categoria_62,11,236,8,134,112.0,84.1
Categoria_62,12,236,3,133,110.0,84.5
Categoria_62,13,236,3,133,110.0,84.3
Categoria_62,14,60,0,34,29.0,87.7
Categoria_63,9,240,240,239,247.0,69.2
Categoria_63,10,235,158,185,196.0,82.0
Categoria_63,11,241,54,162,168.0,77.9
Categoria_63,12,252,28,160,172.0,77.5
Categoria_63,13,252,22,159,172.0,76.3
Categoria_63,14,104,0,63,66.0,68.5
Categoria_64,9,211,105,118,117.0,78.3
Categoria_64,10,335,44,141,144.0,88.7
Categoria_64,11,296,6,159,154.0,85.7
Categoria_64,12,335,7,179,173.0,85.5
Categoria_64,13,335,0,177,172.0,85.5
Categoria_64,14,116,0,61,60.0,47.2
Categoria_65,9,416,242,269,264.0,74.6
Categoria_65,10,467,123,254,251.0,80.5
Categoria_65,11,492,26,304,297.0,91.9
Categoria_65,12,567,12,347,330.0,91.9
Categoria_65,13,567,2,343,328.0,91.6
Categoria_65,14,247,0,149,142.0,93.8
Categoria_66,9,160,106,114,110.0,58.3
Categoria_66,10,248,86,141,138.0,68.0
Categoria_66,11,234,19,141,136.0,89.4
Categoria_66,12,234,6,137,134.0,90.2
Categoria_66,13,234,1,135,131.0,90.5
Categoria_66,14,50,1,29,25.0,91.5
Categoria_67,9,191,95,110,96.0,69.3
Categoria_67,10,183,53,97,83.0,86.4
Categoria_67,11,211,9,120,107.0,91.5
Categoria_67,12,227,2,128,112.0,92.3
Categoria_67,13,227,0,128,112.0,92.0
Categoria_67,14,125,0,70,64.0,92.7
Categoria_68,9,559,304,377,370.0,92.5
Categoria_68,10,645,89,443,416.0,92.8
Categoria_68,11,709,22,472,445.0,94.3
Categoria_68,12,725,9,479,454.0,94.2
Categoria_68,13,725,2,477,454.0,94.5
Categoria_68,14,251,2,165,162.0,92.3
Categoria_69,9,65,58,58,56.0,86.5
Categoria_69,10,65,19,30,29.0,89.0
Categoria_69,11,72,4,34,34.0,60.5
Categoria_69,12,26,1,12,10.0,27.8
Categoria_69,13,26,0,12,10.0,27.9
Categoria_69,14,24,0,11,8.0,92.0
