Especialidad,Pred_S1,Pred_S2,Pred_S3,Pred_S4,Pred_S5,Pred_S6,Pred_S7,Pred_S8,Pred_S9,Pred_S10,Pred_S11,Pred_S12,Pred_S13,Pred_S14,Real_S1,Real_S2,Real_S3,Real_S4,Real_S5,Real_S6,Real_S7,Real_S8,Real_S9,Real_S10,Real_S11,Real_S12,Real_S13,Real_S14,Total_Real,Total_Pred,Error_%
Categoria_35,182.0,1307.0,1272.0,1249.0,1249.0,860.0,985.0,1134.0,1196.0,1340.0,1500.0,1502.0,1497.0,543.0,175.0,1259.0,1197.0,1208.0,1193.0,846.0,956.0,1044.0,0.0,0.0,0.0,0.0,0.0,0.0,7878.0,15816.0,100.8
Categoria_26,271.0,1252.0,1150.0,1194.0,1159.0,1066.0,986.0,1143.0,886.0,995.0,980.0,1012.0,1024.0,432.0,288.0,1308.0,1195.0,1250.0,1195.0,1086.0,1012.0,1111.0,0.0,0.0,0.0,0.0,0.0,0.0,8445.0,13550.0,60.4
Categoria_52,156.0,712.0,640.0,665.0,702.0,581.0,562.0,687.0,608.0,764.0,750.0,730.0,735.0,293.0,145.0,643.0,513.0,537.0,615.0,489.0,466.0,563.0,0.0,0.0,0.0,0.0,0.0,0.0,3971.0,8585.0,116.2
Categoria_09,74.0,601.0,606.0,506.0,448.0,599.0,465.0,377.0,425.0,336.0,538.0,513.0,515.0,193.0,66.0,613.0,667.0,531.0,445.0,617.0,531.0,405.0,0.0,0.0,0.0,0.0,0.0,0.0,3875.0,6196.0,59.9
Categoria_49,28.0,473.0,491.0,504.0,501.0,355.0,423.0,442.0,440.0,459.0,411.0,393.0,386.0,153.0,20.0,494.0,499.0,504.0,496.0,332.0,402.0,433.0,0.0,0.0,0.0,0.0,0.0,0.0,3180.0,5459.0,71.7
Categoria_68,84.0,447.0,498.0,510.0,353.0,343.0,341.0,328.0,370.0,416.0,445.0,454.0,454.0,162.0,87.0,443.0,489.0,499.0,344.0,303.0,327.0,297.0,0.0,0.0,0.0,0.0,0.0,0.0,2789.0,5205.0,86.6
Categoria_41,88.0,465.0,546.0,494.0,417.0,267.0,118.0,380.0,416.0,469.0,415.0,408.0,408.0,142.0,77.0,433.0,519.0,484.0,405.0,238.0,103.0,347.0,0.0,0.0,0.0,0.0,0.0,0.0,2606.0,5033.0,93.1
Categoria_65,51.0,425.0,417.0,416.0,415.0,441.0,389.0,349.0,264.0,251.0,297.0,330.0,328.0,142.0,50.0,450.0,416.0,420.0,419.0,441.0,404.0,348.0,0.0,0.0,0.0,0.0,0.0,0.0,2948.0,4515.0,53.2
Categoria_12,56.0,342.0,339.0,374.0,371.0,259.0,262.0,251.0,216.0,338.0,382.0,365.0,367.0,153.0,52.0,335.0,323.0,349.0,366.0,236.0,257.0,235.0,0.0,0.0,0.0,0.0,0.0,0.0,2153.0,4075.0,89.3
Categoria_08,13.0,303.0,320.0,307.0,285.0,252.0,120.0,243.0,251.0,319.0,296.0,289.0,280.0,130.0,14.0,315.0,289.0,295.0,246.0,275.0,125.0,270.0,0.0,0.0,0.0,0.0,0.0,0.0,1829.0,3408.0,86.3
Categoria_48,29.0,252.0,277.0,331.0,203.0,99.0,196.0,255.0,324.0,326.0,328.0,301.0,280.0,115.0,31.0,271.0,306.0,340.0,189.0,80.0,194.0,220.0,0.0,0.0,0.0,0.0,0.0,0.0,1631.0,3316.0,103.3
Categoria_44,19.0,254.0,301.0,252.0,245.0,292.0,285.0,308.0,257.0,286.0,247.0,236.0,251.0,80.0,19.0,245.0,298.0,270.0,236.0,294.0,273.0,269.0,0.0,0.0,0.0,0.0,0.0,0.0,1904.0,3313.0,74.0
Categoria_51,76.0,183.0,279.0,236.0,246.0,321.0,318.0,336.0,304.0,217.0,203.0,201.0,204.0,67.0,76.0,181.0,291.0,237.0,273.0,354.0,322.0,354.0,0.0,0.0,0.0,0.0,0.0,0.0,2088.0,3191.0,52.8
Categoria_61,0.0,289.0,302.0,227.0,293.0,330.0,255.0,213.0,177.0,193.0,223.0,202.0,228.0,117.0,0.0,299.0,302.0,226.0,307.0,338.0,262.0,227.0,0.0,0.0,0.0,0.0,0.0,0.0,1961.0,3049.0,55.5
Categoria_63,7.0,260.0,181.0,146.0,178.0,218.0,253.0,161.0,247.0,196.0,168.0,172.0,172.0,66.0,7.0,254.0,194.0,167.0,176.0,228.0,260.0,184.0,0.0,0.0,0.0,0.0,0.0,0.0,1470.0,2425.0,65.0
Categoria_36,12.0,221.0,217.0,217.0,172.0,233.0,214.0,223.0,90.0,101.0,150.0,151.0,148.0,44.0,15.0,203.0,217.0,228.0,167.0,243.0,236.0,225.0,0.0,0.0,0.0,0.0,0.0,0.0,1534.0,2193.0,43.0
Categoria_60,41.0,228.0,202.0,208.0,214.0,213.0,210.0,148.0,76.0,113.0,145.0,144.0,141.0,74.0,35.0,235.0,206.0,206.0,211.0,208.0,200.0,153.0,0.0,0.0,0.0,0.0,0.0,0.0,1454.0,2157.0,48.3
Categoria_53,21.0,202.0,161.0,158.0,165.0,178.0,148.0,112.0,153.0,219.0,201.0,189.0,175.0,53.0,22.0,226.0,187.0,174.0,170.0,176.0,161.0,114.0,0.0,0.0,0.0,0.0,0.0,0.0,1230.0,2135.0,73.6
Categoria_66,54.0,197.0,203.0,260.0,207.0,87.0,209.0,229.0,110.0,138.0,136.0,134.0,131.0,25.0,49.0,190.0,201.0,252.0,195.0,96.0,212.0,228.0,0.0,0.0,0.0,0.0,0.0,0.0,1423.0,2120.0,49.0
Categoria_20,41.0,250.0,144.0,188.0,163.0,198.0,233.0,133.0,219.0,137.0,137.0,116.0,86.0,46.0,49.0,286.0,155.0,209.0,170.0,211.0,262.0,142.0,0.0,0.0,0.0,0.0,0.0,0.0,1484.0,2091.0,40.9
Categoria_64,1.0,142.0,164.0,166.0,121.0,195.0,173.0,251.0,117.0,144.0,154.0,173.0,172.0,60.0,0.0,119.0,154.0,161.0,117.0,199.0,169.0,250.0,0.0,0.0,0.0,0.0,0.0,0.0,1169.0,2033.0,73.9
Categoria_14,34.0,185.0,119.0,131.0,178.0,122.0,100.0,84.0,159.0,162.0,178.0,178.0,154.0,84.0,31.0,195.0,122.0,147.0,175.0,131.0,100.0,88.0,0.0,0.0,0.0,0.0,0.0,0.0,989.0,1868.0,88.9
Categoria_42,13.0,89.0,154.0,170.0,165.0,159.0,144.0,165.0,176.0,152.0,142.0,142.0,134.0,54.0,13.0,88.0,149.0,161.0,143.0,143.0,131.0,153.0,0.0,0.0,0.0,0.0,0.0,0.0,981.0,1859.0,89.5
Categoria_34,50.0,137.0,126.0,161.0,130.0,111.0,105.0,136.0,103.0,129.0,169.0,176.0,177.0,63.0,45.0,105.0,106.0,137.0,118.0,102.0,87.0,117.0,0.0,0.0,0.0,0.0,0.0,0.0,817.0,1773.0,117.0
Categoria_25,14.0,146.0,154.0,145.0,119.0,118.0,111.0,134.0,115.0,148.0,148.0,148.0,136.0,88.0,14.0,134.0,143.0,129.0,116.0,112.0,96.0,121.0,0.0,0.0,0.0,0.0,0.0,0.0,865.0,1724.0,99.3
Categoria_67,39.0,185.0,163.0,176.0,116.0,169.0,91.0,129.0,96.0,83.0,107.0,112.0,112.0,64.0,40.0,199.0,163.0,187.0,121.0,163.0,103.0,128.0,0.0,0.0,0.0,0.0,0.0,0.0,1104.0,1642.0,48.7
Categoria_62,20.0,151.0,152.0,131.0,134.0,199.0,131.0,153.0,122.0,80.0,112.0,110.0,110.0,29.0,19.0,155.0,139.0,140.0,138.0,198.0,122.0,164.0,0.0,0.0,0.0,0.0,0.0,0.0,1075.0,1634.0,52.0
Categoria_58,20.0,148.0,106.0,151.0,48.0,86.0,0.0,100.0,116.0,99.0,91.0,63.0,85.0,31.0,19.0,147.0,110.0,152.0,52.0,91.0,0.0,96.0,0.0,0.0,0.0,0.0,0.0,0.0,667.0,1144.0,71.5
Categoria_59,8.0,102.0,90.0,80.0,106.0,76.0,67.0,66.0,72.0,74.0,75.0,73.0,73.0,29.0,8.0,101.0,89.0,84.0,82.0,65.0,67.0,66.0,0.0,0.0,0.0,0.0,0.0,0.0,562.0,991.0,76.3
Categoria_37,14.0,91.0,79.0,69.0,39.0,33.0,73.0,81.0,65.0,94.0,91.0,67.0,57.0,20.0,13.0,84.0,79.0,72.0,38.0,32.0,75.0,81.0,0.0,0.0,0.0,0.0,0.0,0.0,474.0,873.0,84.2
Categoria_40,12.0,50.0,57.0,70.0,85.0,65.0,70.0,93.0,76.0,49.0,65.0,61.0,63.0,29.0,12.0,51.0,63.0,78.0,90.0,67.0,70.0,94.0,0.0,0.0,0.0,0.0,0.0,0.0,525.0,845.0,61.0
Categoria_54,12.0,102.0,67.0,39.0,38.0,17.0,58.0,84.0,85.0,59.0,60.0,73.0,69.0,28.0,12.0,96.0,68.0,32.0,39.0,17.0,60.0,76.0,0.0,0.0,0.0,0.0,0.0,0.0,400.0,791.0,97.8
Categoria_50,11.0,124.0,109.0,123.0,124.0,100.0,67.0,79.0,15.0,5.0,3.0,3.0,3.0,2.0,18.0,150.0,123.0,123.0,130.0,107.0,67.0,106.0,0.0,0.0,0.0,0.0,0.0,0.0,824.0,768.0,-6.8
Categoria_24,0.0,75.0,66.0,61.0,65.0,58.0,63.0,53.0,46.0,55.0,71.0,64.0,61.0,20.0,0.0,85.0,66.0,61.0,61.0,60.0,61.0,42.0,0.0,0.0,0.0,0.0,0.0,0.0,436.0,758.0,73.9
Categoria_43,8.0,16.0,68.0,75.0,96.0,65.0,73.0,89.0,38.0,55.0,53.0,50.0,48.0,21.0,6.0,17.0,77.0,91.0,114.0,86.0,98.0,94.0,0.0,0.0,0.0,0.0,0.0,0.0,583.0,755.0,29.5
Categoria_28,12.0,73.0,67.0,80.0,83.0,48.0,52.0,42.0,29.0,66.0,62.0,55.0,54.0,8.0,13.0,72.0,68.0,81.0,81.0,48.0,45.0,45.0,0.0,0.0,0.0,0.0,0.0,0.0,453.0,731.0,61.4
Categoria_05,14.0,48.0,57.0,69.0,69.0,71.0,72.0,60.0,61.0,69.0,42.0,36.0,36.0,15.0,12.0,47.0,62.0,64.0,63.0,68.0,65.0,55.0,0.0,0.0,0.0,0.0,0.0,0.0,436.0,719.0,64.9
Categoria_56,23.0,72.0,75.0,43.0,65.0,111.0,58.0,0.0,0.0,39.0,80.0,73.0,52.0,19.0,20.0,66.0,77.0,38.0,63.0,82.0,55.0,0.0,0.0,0.0,0.0,0.0,0.0,0.0,401.0,710.0,77.1
Categoria_45,3.0,72.0,35.0,77.0,86.0,64.0,69.0,31.0,69.0,63.0,40.0,42.0,42.0,16.0,2.0,64.0,36.0,67.0,74.0,53.0,62.0,28.0,0.0,0.0,0.0,0.0,0.0,0.0,386.0,709.0,83.7
Categoria_06,,62.0,23.0,39.0,55.0,31.0,51.0,29.0,30.0,62.0,55.0,46.0,36.0,10.0,,53.0,22.0,40.0,54.0,25.0,42.0,22.0,0.0,0.0,0.0,0.0,0.0,0.0,258.0,529.0,105.0
Categoria_47,,53.0,0.0,0.0,0.0,82.0,78.0,52.0,57.0,43.0,44.0,44.0,43.0,22.0,,48.0,0.0,0.0,0.0,74.0,64.0,34.0,0.0,0.0,0.0,0.0,0.0,0.0,220.0,518.0,135.5
Categoria_21,,70.0,68.0,69.0,0.0,0.0,0.0,0.0,0.0,65.0,67.0,67.0,65.0,30.0,,55.0,67.0,70.0,0.0,0.0,0.0,0.0,0.0,0.0,0.0,0.0,0.0,0.0,192.0,501.0,160.9
Categoria_11,0.0,17.0,23.0,32.0,28.0,27.0,65.0,59.0,49.0,56.0,41.0,38.0,36.0,9.0,0.0,16.0,21.0,37.0,33.0,30.0,75.0,68.0,0.0,0.0,0.0,0.0,0.0,0.0,280.0,480.0,71.4
Categoria_69,,48.0,54.0,51.0,66.0,39.0,22.0,40.0,56.0,29.0,34.0,10.0,10.0,8.0,,46.0,52.0,61.0,68.0,29.0,14.0,29.0,0.0,0.0,0.0,0.0,0.0,0.0,299.0,467.0,56.2
Categoria_07,8.0,21.0,27.0,19.0,33.0,33.0,25.0,16.0,16.0,16.0,18.0,19.0,18.0,9.0,8.0,19.0,28.0,18.0,28.0,28.0,26.0,17.0,0.0,0.0,0.0,0.0,0.0,0.0,172.0,278.0,61.6
Categoria_22,5.0,23.0,24.0,18.0,24.0,19.0,9.0,8.0,6.0,16.0,25.0,25.0,25.0,9.0,7.0,21.0,21.0,21.0,26.0,19.0,9.0,8.0,0.0,0.0,0.0,0.0,0.0,0.0,132.0,236.0,78.8
Categoria_38,0.0,31.0,25.0,22.0,27.0,23.0,9.0,0.0,0.0,32.0,30.0,15.0,15.0,4.0,0.0,31.0,24.0,22.0,24.0,25.0,9.0,0.0,0.0,0.0,0.0,0.0,0.0,0.0,135.0,233.0,72.6
Categoria_15,,22.0,24.0,17.0,29.0,31.0,35.0,0.0,0.0,14.0,16.0,15.0,15.0,4.0,,22.0,19.0,19.0,28.0,26.0,27.0,0.0,0.0,0.0,0.0,0.0,0.0,0.0,141.0,222.0,57.4
Categoria_04,3.0,23.0,31.0,18.0,19.0,19.0,24.0,13.0,3.0,8.0,12.0,12.0,12.0,8.0,3.0,23.0,32.0,20.0,22.0,18.0,24.0,14.0,0.0,0.0,0.0,0.0,0.0,0.0,156.0,205.0,31.4
Categoria_46,,0.0,0.0,21.0,25.0,12.0,23.0,24.0,0.0,25.0,25.0,21.0,16.0,7.0,,0.0,0.0,26.0,26.0,13.0,26.0,28.0,0.0,0.0,0.0,0.0,0.0,0.0,119.0,199.0,67.2
Categoria_57,6.0,30.0,29.0,24.0,30.0,12.0,0.0,4.0,17.0,7.0,7.0,6.0,6.0,3.0,6.0,25.0,28.0,23.0,26.0,12.0,0.0,5.0,0.0,0.0,0.0,0.0,0.0,0.0,125.0,181.0,44.8
Categoria_16,7.0,5.0,20.0,13.0,20.0,9.0,13.0,17.0,11.0,14.0,14.0,14.0,14.0,9.0,8.0,4.0,20.0,15.0,22.0,10.0,14.0,17.0,0.0,0.0,0.0,0.0,0.0,0.0,110.0,180.0,63.6
Categoria_23,,16.0,7.0,33.0,15.0,22.0,14.0,20.0,0.0,0.0,14.0,17.0,14.0,6.0,,16.0,8.0,36.0,16.0,24.0,16.0,20.0,0.0,0.0,0.0,0.0,0.0,0.0,136.0,178.0,30.9
Categoria_17,3.0,11.0,10.0,13.0,14.0,21.0,12.0,18.0,12.0,13.0,13.0,13.0,13.0,5.0,2.0,12.0,10.0,14.0,13.0,24.0,12.0,14.0,0.0,0.0,0.0,0.0,0.0,0.0,101.0,171.0,69.3
Categoria_02,0.0,16.0,14.0,15.0,15.0,14.0,0.0,14.0,15.0,16.0,14.0,11.0,9.0,,0.0,15.0,13.0,16.0,14.0,14.0,0.0,13.0,0.0,0.0,0.0,0.0,0.0,,85.0,153.0,80.0
Categoria_10,,20.0,6.0,8.0,14.0,14.0,9.0,9.0,17.0,16.0,13.0,9.0,9.0,5.0,,18.0,6.0,7.0,11.0,13.0,15.0,8.0,0.0,0.0,0.0,0.0,0.0,0.0,78.0,149.0,91.0
Categoria_29,5.0,10.0,5.0,10.0,9.0,5.0,10.0,6.0,6.0,10.0,7.0,3.0,5.0,,4.0,8.0,5.0,10.0,9.0,5.0,10.0,6.0,0.0,0.0,0.0,0.0,0.0,,57.0,91.0,59.6
Categoria_01,,8.0,8.0,5.0,8.0,6.0,0.0,5.0,9.0,9.0,9.0,9.0,9.0,,,6.0,6.0,4.0,3.0,6.0,0.0,3.0,0.0,0.0,0.0,0.0,0.0,,28.0,85.0,203.6
Categoria_27,,9.0,10.0,8.0,6.0,7.0,7.0,3.0,7.0,4.0,5.0,4.0,4.0,2.0,,7.0,9.0,8.0,6.0,5.0,7.0,3.0,0.0,0.0,0.0,0.0,0.0,0.0,45.0,76.0,68.9
Categoria_32,,5.0,10.0,9.0,6.0,8.0,5.0,2.0,2.0,7.0,5.0,4.0,4.0,,,6.0,9.0,10.0,6.0,6.0,6.0,1.0,0.0,0.0,0.0,0.0,0.0,,44.0,67.0,52.3
Categoria_33,1.0,5.0,5.0,4.0,7.0,11.0,7.0,8.0,1.0,3.0,3.0,3.0,3.0,0.0,1.0,5.0,5.0,4.0,7.0,11.0,7.0,9.0,0.0,0.0,0.0,0.0,0.0,0.0,49.0,61.0,24.5
Categoria_31,,5.0,7.0,3.0,5.0,5.0,0.0,4.0,4.0,4.0,4.0,4.0,4.0,4.0,,5.0,9.0,3.0,5.0,4.0,0.0,3.0,0.0,0.0,0.0,0.0,0.0,0.0,29.0,53.0,82.8
Categoria_39,,4.0,6.0,1.0,2.0,0.0,2.0,7.0,5.0,3.0,4.0,4.0,4.0,,,5.0,6.0,0.0,0.0,0.0,2.0,4.0,0.0,0.0,0.0,0.0,0.0,,17.0,42.0,147.1
Categoria_03,,5.0,0.0,0.0,4.0,9.0,2.0,4.0,0.0,2.0,3.0,3.0,3.0,2.0,,4.0,0.0,0.0,3.0,10.0,2.0,4.0,0.0,0.0,0.0,0.0,0.0,0.0,23.0,37.0,60.9
Categoria_55,4.0,0.0,4.0,0.0,3.0,0.0,4.0,4.0,0.0,6.0,2.0,2.0,2.0,,5.0,0.0,6.0,0.0,3.0,0.0,7.0,0.0,0.0,0.0,0.0,0.0,0.0,,21.0,31.0,47.6
Categoria_19,4.0,3.0,0.0,4.0,1.0,3.0,3.0,0.0,0.0,0.0,1.0,1.0,1.0,,3.0,3.0,0.0,3.0,1.0,3.0,2.0,0.0,0.0,0.0,0.0,0.0,0.0,,15.0,21.0,40.0
Categoria_30,,0.0,2.0,0.0,0.0,1.0,2.0,0.0,2.0,2.0,2.0,2.0,2.0,,,0.0,1.0,0.0,0.0,0.0,2.0,0.0,0.0,0.0,0.0,0.0,0.0,,3.0,15.0,400.0
Categoria_18,,1.0,0.0,0.0,0.0,0.0,0.0,0.0,0.0,0.0,0.0,0.0,0.0,,,1.0,0.0,0.0,0.0,0.0,0.0,0.0,0.0,0.0,0.0,0.0,0.0,,1.0,1.0,0.0
Categoria_13,0.0,0.0,0.0,0.0,0.0,0.0,0.0,,,,,,,,0.0,0.0,0.0,0.0,0.0,0.0,0.0,,,,,,,,0.0,0.0,
